"a","b","c","d","e","f","classe"
"-1.173","30.057","6.639","-2.991","3.875","-0.864","coral"
"3.173","-7.098","7.726","-2.132","0.739","4.466","turquoise"
"5","-10.133","3.055","3.362","-1.034","-3.848","violet"
"3.322","12.306","7.715","-1.797","0.57","3.615","turquoise"
"1.09","5.04","2.445","0.47","-0.405","-2.779","violet"
"2.182","-14.156","4.411","0.573","0.825","0.004","violet"
"1.527","10.93","6.211","3.328","-0.232","-0.794","turquoise"
"4.284","10.944","8.805","1.053","0.533","2.518","violet"
"1.683","-13.778","1.684","-3.195","-2.505","1.597","violet"
"-3.811","23.981","7.017","2.813","3.41","3.462","coral"
"1.05","-15.689","4.02","-3.688","-0.555","4.477","violet"
"2.087","7.71","8.925","-3.59","0.779","-4.144","violet"
"2.234","-5.34","6.863","1.663","-0.964","4.827","turquoise"
"3.077","-16.619","5.427","-3.5","-2.999","4.33","violet"
"1.351","-8.039","4.802","0.409","-2.132","-1.192","violet"
"1.789","-18.061","2.19","-0.191","-0.704","4.791","turquoise"
"2.731","-18.794","2.449","3.744","0.982","0.148","violet"
"2.122","-17.199","2.598","3.245","-2.797","0.185","violet"
"4.956","5.179","6.928","3.448","-0.585","1.555","violet"
"1.044","-11.693","5.552","-4.344","-0.585","-4.496","violet"
"2.672","23.75","5.883","0.414","1.776","-0.817","coral"
"3.477","9.358","6.15","-2.73","-0.213","2.665","turquoise"
"-4.737","14.221","1.875","4.588","3.412","-4.713","coral"
"-1.82","24.158","4.187","2.711","-3.072","-3.247","coral"
"3.202","4.972","3.878","0.332","0.99","2.965","violet"
"1.27","13.62","2.832","4.121","-2.863","-2.14","coral"
"2.136","21.694","1.825","-1.483","3.071","0.848","coral"
"1","11.821","9.674","-4.667","-0.99","-0.769","violet"
"-3.747","25.693","3.889","0.073","0.3","-2.266","coral"
"2.517","-7.805","5.023","4.402","1","-2.52","turquoise"
"1.792","-9.173","2.725","-3.41","-0.707","0.948","turquoise"
"1.526","-13.431","7.933","2.704","-2.352","-0.203","violet"
"1.865","-16.819","6.088","3.83","-2.647","4.332","violet"
"1.804","-14.1","7.814","-3.741","-0.718","4.598","turquoise"
"1.514","-7.856","5.075","-4.16","0.165","-3.64","turquoise"
"2.201","8.003","9.017","2.303","0.954","-4.438","turquoise"
"2.872","7.556","8.57","0.838","0.996","-2.85","violet"
"3.838","-12.447","2.068","-1.009","-2.816","1.16","violet"
"1.15","-17.441","2.32","0.777","-0.24","-4.428","violet"
"3.605","-14.29","0.306","3.692","0.906","4.064","violet"
"2.152","-2.718","9.054","-2.525","-0.937","2.753","turquoise"
"2.546","3.474","7.883","3.036","0.999","-2.246","turquoise"
"4.996","-10.579","6.733","-4.978","-0.876","2.71","violet"
"5","5.047","7.273","-0.007","-1.016","-4.139","violet"
"4.962","-8.381","6.638","-3.875","-0.614","-0.759","violet"
"0.448","15.116","0.343","-4.897","-4.13","4.27","coral"
"1.72","-4.86","1.482","2.982","-0.626","-4.01","turquoise"
"2.356","24.799","8.171","-1.942","2.391","4.622","coral"
"-4.309","25.219","6.679","-4.165","-3.802","-2.595","coral"
"1.536","14.285","9.019","-0.481","-0.265","2.575","turquoise"
"1.488","-0.851","0.112","2.004","-2.309","-2.314","violet"
"-3.849","29.705","7.241","0.385","2.506","3.807","coral"
"1.51","9.669","6.486","-4.182","-0.14","-0.184","turquoise"
"3.384","-16.456","5.2","0.694","-0.468","1.77","turquoise"
"1.383","-13.376","3.093","-1.806","0.177","2.138","violet"
"3.5","-18.718","7.916","4.641","0.015","-1.013","turquoise"
"1.988","-11.533","9.697","-0.397","0.725","4.298","violet"
"1.519","-5.228","5.157","-1.44","-0.196","-2.768","turquoise"
"1.807","29.268","9.468","-4.307","3.274","2.976","coral"
"2.212","17.136","4.279","-4.418","0.812","1.938","coral"
"2.211","-18.831","4.581","-4.493","-0.957","-3.31","turquoise"
"1.264","-16.501","4.015","-2.8","-1.994","2.129","violet"
"1.327","-12.51","6.412","4.9","-2.096","0.186","violet"
"4.008","-0.969","0.264","-1.537","-2.727","-0.432","violet"
"2.358","-6.611","9.54","4.742","0.99","3.212","turquoise"
"3.009","-16.912","0.129","1.842","-0.861","-4.427","turquoise"
"-0.859","21.639","6.514","-3.166","2.408","0.555","coral"
"1.128","-2.934","1.279","-4.194","-0.296","4.457","violet"
"2.561","-0.657","8.203","-0.547","0.998","2.209","turquoise"
"1.355","-11.329","6.563","4.828","-2.137","-1.703","violet"
"2.553","-13.015","1.659","-2.159","0.949","3.274","violet"
"-0.727","25.931","2.047","0.406","4.459","4.204","coral"
"1.781","3.459","7.986","-0.65","0.586","-0.191","violet"
"1.643","-16.947","6.126","-3.834","-2.469","2.167","violet"
"4.209","-6.246","4.373","0.906","0.593","1.323","violet"
"2.833","8.458","7.15","0.125","0.943","0.997","turquoise"
"0.515","29.851","2.99","-3.908","2.714","-4.271","coral"
"3.489","-16.414","3.145","-2.707","-0.145","0.953","turquoise"
"3.028","1.571","5.472","-3.88","-3","-3.214","violet"
"4.322","-11.698","7.41","-2.766","-2.5","-3.321","violet"
"1.51","9.254","8.433","-3.852","0.143","2.421","turquoise"
"1.167","-17.627","8.224","2.649","-0.2","0.642","violet"
"1.639","-12.719","5.42","3.266","0.508","1.808","turquoise"
"3.111","-13.307","5.93","-4.456","0.997","4.319","violet"
"4.972","2.715","1.392","-3.282","-0.664","0.189","violet"
"1.266","-2.646","7.293","1.731","-0.004","0.687","violet"
"2.046","8.008","7.879","-3.245","0.758","-3.657","violet"
"4.982","-6.901","9.881","2.304","-0.732","-3.864","violet"
"1.299","6.355","8.27","-2.482","0.052","2.832","violet"
"2.903","-9.058","0.986","4.319","0.915","3.342","turquoise"
"1.664","-11.531","6.202","-2.329","-2.488","3.029","violet"
"1.725","-5.746","4.973","-3.442","0.541","0.413","violet"
"3.372","-12.096","2.681","-2.371","0.49","2.099","turquoise"
"1.568","-10.132","7.932","-3.685","0.396","0.746","violet"
"1.521","2.573","5.396","-4.265","-0.206","2.444","turquoise"
"3.486","1.646","2.728","2.587","-0.164","4.773","turquoise"
"1.926","24.029","1.551","2.969","-4.266","0.359","coral"
"-4.365","28.139","1.604","-1.44","-4.075","-3.545","coral"
"2.226","29.447","2.157","1.218","2.304","2.982","coral"
"4.669","-2.192","5.434","4.431","-2.102","2.376","violet"
"3.403","28.917","0.109","-0.427","2.606","-0.402","coral"
"-3.57","25.103","7.273","-0.482","1.556","4.455","coral"
"4.864","27.368","4.993","2.222","2.004","1.957","coral"
"1.733","29.447","4.193","4.259","4.855","1.232","coral"
"4.999","-13.819","0.156","0.602","-1.077","-4.418","violet"
"2.646","8.644","8.877","0.766","-2.968","1.27","violet"
"2.45","-17.092","1.165","3.775","0.923","3.323","violet"
"1.17","-4.783","7.166","3.384","-1.807","-4.47","violet"
"1.521","-18.49","2.025","4.442","0.203","1.301","turquoise"
"-2.391","18.168","0.989","-3.472","-1.838","-4.228","coral"
"1.789","-13.704","4.554","-4.093","0.591","2.957","violet"
"2.814","-0.609","5.81","-0.75","0.991","0.114","violet"
"2.878","1.916","6.488","4.377","-2.996","1.237","violet"
"1.504","2.991","5.273","3.923","-0.084","0.734","turquoise"
"-0.683","28.505","8.612","2.904","1.178","-0.643","coral"
"-2.662","26.452","0.659","-2.169","-1.859","1.995","coral"
"-3.285","11.325","2.448","-0.946","1.691","1.599","coral"
"-2.947","11.985","1.588","-2.664","-1.458","0.675","coral"
"4.07","0.816","6.539","2.041","-2.69","-4.353","violet"
"4.729","-7.75","0.855","-2.945","-2.006","2.984","violet"
"-0.266","28.641","9.237","-3.351","4.746","-4.72","coral"
"4.586","-3.466","5.438","-1.417","-2.218","-4.286","violet"
"1.522","-9.382","0.469","0.61","-2.347","-3.602","violet"
"3.47","-12.967","8.552","-0.234","-0.245","-2.413","turquoise"
"1.258","7.693","8.634","-3.267","-0.018","2.766","violet"
"3.273","-9.353","6.794","1.681","0.634","4.029","turquoise"
"-4.66","19.251","6.042","3.815","-3.246","0.03","coral"
"4.558","-17.032","8.567","-2.56","0.254","-4.644","violet"
"2.44","14.532","0.865","-4.379","3.283","4.72","coral"
"1.966","-11.642","7.137","-2.43","-2.712","-0.371","violet"
"4.083","1.692","0.979","3.987","-2.681","-4.758","violet"
"1.003","-0.287","2.299","3.763","-0.888","4.717","violet"
"2.867","-14.64","2.18","4.391","-0.93","3.306","turquoise"
"1.139","-18.577","3.571","-3.383","-0.267","0.585","violet"
"2.419","0.897","5.839","4.128","0.914","-4.871","violet"
"1.603","2.002","5.173","3.93","-2.431","0.205","violet"
"2.941","-14.82","4.8","-0.453","-0.897","2.489","turquoise"
"-4.696","24.302","7.801","1.036","3.421","0.925","coral"
"1.817","-2.328","5.067","-1.694","-2.613","-1.672","violet"
"4.405","9.963","9.91","-4.162","0.424","1.214","violet"
"2.755","-14.592","9.775","-4.22","0.985","0.381","violet"
"3.477","-19.256","1.708","-1.792","0.942","-0.432","violet"
"1.532","-2.475","3.281","-4.056","0.251","-3.384","turquoise"
"4.763","-0.957","1.071","1.205","-1.945","4.121","violet"
"1.805","-18.396","4.024","-2.667","-0.719","1.293","turquoise"
"2.384","-10.935","6.056","-3.228","0.993","4.93","turquoise"
"3.366","3.598","6.136","1.68","-0.5","-3.861","turquoise"
"3.733","28.416","2.775","4.082","1.013","-3.095","coral"
"4.415","7.665","8.561","-2.683","0.413","-0.533","violet"
"4.919","-4.221","8.32","-0.378","-1.562","-3.04","violet"
"1.476","-8.917","0.008","-4.771","0.296","0.773","violet"
"1.011","-16.651","5.483","3.858","-0.787","-1.237","violet"
"-3.319","25.075","4.132","-4.3","-2.367","-4.864","coral"
"1.034","-13.661","5.995","-2.014","-1.365","-4.264","violet"
"4.968","7.158","4.869","-4.312","-1.358","1.702","violet"
"3.439","-18.29","0.419","-3.507","0.951","2.078","violet"
"3.486","7.145","8.085","-3.763","-0.167","-0.781","turquoise"
"3.279","-6.987","5.72","-4.049","-0.627","-4.487","turquoise"
"1.917","12.599","9.834","0.29","0.681","-1.336","violet"
"1.344","9.229","7.949","-2.863","-2.122","0.221","violet"
"3.971","6.234","7.909","-1.94","0.749","1.736","violet"
"3.143","21.467","1.262","3.603","-0.275","2.013","coral"
"2.69","-5.348","2.023","3.556","-0.982","4.037","turquoise"
"-2.328","28.139","9.739","-3.016","3.074","2.718","coral"
"1.542","-19.11","4.224","0.262","-0.285","-2.451","turquoise"
"1.001","-18.569","9.127","-3.334","-0.94","0.563","violet"
"2.931","10.039","6.402","2.485","0.902","-0.784","turquoise"
"3.491","-6.86","5.93","-0.187","0.136","-0.114","turquoise"
"4.985","-17.795","7.467","-0.119","-1.246","-2.936","violet"
"2.313","-7.947","4.273","-1.874","-2.878","3.849","violet"
"1.622","-15.284","1.102","-4.469","-0.478","-0.928","turquoise"
"2.633","-2.593","2.72","-0.219","0.966","-2.176","violet"
"1.807","-19.174","5.034","1.458","-0.721","-1.839","turquoise"
"-0.788","28.969","2.479","1.665","-3.912","-4.091","coral"
"2.335","-9.562","8.879","2.668","-0.986","-2.462","turquoise"
"1.452","15.448","1.99","4.913","0.518","-0.743","coral"
"2.194","10.411","7.419","2.466","0.83","-2.831","violet"
"1.223","5.516","9.508","1.512","-0.083","-0.888","violet"
"2.032","15.039","1.496","-2.262","4.882","-3.551","coral"
"1.541","7.804","5.818","0.793","0.368","0.469","violet"
"2.996","-13.185","2.869","1.278","0.869","1.866","turquoise"
"-1.045","24.99","8.225","4.497","3.452","2.127","coral"
"-2.655","29.343","9.318","3.735","4.915","-4.201","coral"
"2.368","17.365","2.651","-4.745","2.659","-1.352","coral"
"2.276","-13.27","4.612","-0.989","-2.864","-3.183","violet"
"-4.317","25.102","8.407","-4.493","4.259","0.806","coral"
"1.567","-16.19","5.172","2.253","-2.395","-2.989","violet"
"-4.386","5.557","0.211","-3.714","-2.938","2.536","coral"
"3.468","-7.57","0.096","2.221","-2.944","-3.054","violet"
"1.603","-13.668","4.337","2.957","-0.443","-0.029","turquoise"
"1.354","4.034","1.154","3.076","0.137","-3.552","violet"
"-1.844","13.771","2.986","-3.281","2.917","-3.441","coral"
"-0.578","29.435","6.976","-3.495","-1.716","-0.185","coral"
"0.853","21.786","6.691","-2.282","-3.619","4.029","coral"
"-1.713","29.746","8.128","-0.709","2.647","2.931","coral"
"1.517","28.351","9.685","-0.801","3.271","-1.706","coral"
"1.784","15.698","4.001","-0.066","-4.328","-1.367","coral"
"3.495","-9.121","3.807","3.276","0.097","-1.122","turquoise"
"1.158","28.056","9.122","-1.291","-1.077","-0.326","coral"
"-4.933","25.319","6.162","-4","-3.337","2.089","coral"
"1.061","2.252","0.986","-0.622","-0.512","3.074","violet"
"2.208","-8.236","9.41","-0.64","0.956","-1.278","turquoise"
"1.099","-18.461","6.63","0.86","-1.622","0.289","violet"
"4.759","-14.64","6.324","4.344","-0.049","2.255","violet"
"2.831","-8.868","1.828","-4.935","0.993","1.82","violet"
"1.102","9.902","8.518","-0.187","-0.371","-4.602","violet"
"1.025","-1.365","4.603","1.8","-0.683","-4.665","violet"
"3.07","4.915","7.01","-0.584","0.822","4.147","turquoise"
"3.499","3.639","9.856","-4.723","-2.937","1.884","violet"
"4.42","-17.056","6.716","2.896","0.409","-0.441","violet"
"2.79","-16.375","0.929","-1.958","-0.957","-2.292","turquoise"
"-1.369","16.695","4.152","-2.781","-2.395","3.869","coral"
"4.354","2.56","5.752","-1.506","-2.472","-3.021","violet"
"2.455","-8.62","9.865","-1.238","-2.924","1.438","violet"
"-0.665","27.156","6.111","3.209","3.657","2.879","coral"
"2.316","4.044","1.967","-1.22","0.879","-0.546","violet"
"2.311","-1.589","2.36","-3.272","-2.877","2.921","violet"
"4.108","-9.204","5.047","-2.799","0.665","1.167","violet"
"3.936","-8.953","0.08","2.702","0.767","4.094","violet"
"1.565","7.863","8.174","0.856","-0.355","-3.489","turquoise"
"1.009","5.329","9.052","-3.893","-0.805","-1.466","violet"
"-4.877","28.998","9.374","0.096","4.113","4.244","coral"
"2.053","27.467","6.937","0.104","-4.786","1.259","coral"
"4.444","-5.662","0.614","3.708","-2.383","1.852","violet"
"1.441","11.434","9.526","3.896","-2.253","3.309","violet"
"1.014","-3.177","2.164","4.081","-0.762","-1.366","violet"
"-3.396","28.099","6.734","4.682","0.582","-2.618","coral"
"2.326","28.813","0.517","-3.285","0.781","0.588","coral"
"1.058","-18.987","2.076","-3.382","-0.522","-1.944","violet"
"3.327","-12.082","4.208","3.12","0.563","-4.606","turquoise"
"4.091","-16.337","3.669","-2.405","0.676","-2.301","violet"
"0.233","22.697","2.396","3.667","-4.906","0.197","coral"
"3.22","-3.064","3.028","4.217","-0.694","-2.381","turquoise"
"1.553","3.268","4.966","2.098","0.322","-2.206","turquoise"
"3.882","-8.25","7.427","-3.626","0.795","1.067","violet"
"-4.799","14.781","3.832","4.555","4.138","-1.78","coral"
"1.341","-17.702","6.185","1.157","0.117","1.802","violet"
"1.969","-11.644","6.338","-3.919","0.847","-4.996","turquoise"
"4.855","-14.215","8.955","-4.978","-1.748","0.798","violet"
"3.345","-5.48","1.413","0.585","0.535","-0.85","turquoise"
"3.065","-1.601","7.12","1.591","-0.825","-4.783","turquoise"
"1.841","-18.367","2.428","1.531","-2.63","-2.128","violet"
"2.687","-13.02","3.827","1.061","0.975","-4.65","violet"
"4.34","29.523","7.791","4.738","-0.169","2.978","coral"
"1.578","-12.481","8.434","0.592","0.386","4.127","turquoise"
"1.157","-6.127","3.452","3.818","-0.222","-0.996","violet"
"1.004","-17.511","0.777","-2.548","-1.119","2.195","violet"
"4.981","-0.727","4.027","4.656","-1.273","4.242","violet"
"1.583","-11.338","8.1","-1.888","-2.412","-3.43","violet"
"2.994","-19.407","2.087","-4.543","1","1.674","violet"
"-0.564","11.649","1.501","-3.206","4.208","-4.724","coral"
"3.289","-0.739","1.933","3.03","-0.614","2.197","turquoise"
"1.054","-7.489","4.684","4.586","-1.461","4.752","violet"
"-4.912","17.117","4.588","1.417","-1.756","4.767","coral"
"4.696","-10.921","6.296","0.005","0.06","-0.182","violet"
"4.602","-5.279","0.128","-2.323","-2.197","3.823","violet"
"1.115","-4.3","3.802","-0.096","-1.669","-1.363","violet"
"-1.763","21.818","4.89","-1.536","-0.58","3.749","coral"
"-0.422","14.966","4.115","-2.548","-2.515","-4.542","coral"
"4.401","-9.281","3.544","2.159","-2.427","-0.867","violet"
"1.5","-19.447","3.469","-1.776","0.006","3.639","turquoise"
"1.036","-4.899","6.816","-1.186","-1.376","4.124","violet"
"1.182","-15.394","8.431","3.475","-0.166","-1.748","violet"
"1.875","19.46","2.333","2.074","3.905","1.539","coral"
"3.74","-2.513","9.669","-4.685","0.858","1.575","violet"
"4.984","23.106","5.988","1.045","2.862","4.968","coral"
"1.952","3.171","4.316","1.991","-2.703","0.311","violet"
"1.176","25.314","5.312","-3.854","-1.082","-4.824","coral"
"-3.423","18.427","2.108","3.828","2.022","-1.336","coral"
"1.906","-4.815","4.402","-3.486","-0.804","-3.25","turquoise"
"2.935","-5.764","1.361","-4.203","-0.9","-0.524","turquoise"
"0.235","27.613","3.603","4.875","2.428","-2.969","coral"
"1.632","-7.362","2.568","2.395","-0.496","1.6","turquoise"
"-0.107","28.984","8.535","0.339","-4.899","-2.33","coral"
"1.158","-19.648","2.023","3.803","-1.778","4.118","violet"
"1.01","-0.162","4.366","-4.048","-0.802","1.541","violet"
"1.508","-9.128","4.995","3.725","0.127","1.7","turquoise"
"4.855","4.21","5.572","0.349","-0.252","0.154","violet"
"1.605","27.598","8.294","-3.182","0.172","2.658","coral"
"4.628","-12.252","0.063","4.591","0.162","4.268","violet"
"1.987","6.219","9.962","1.283","-0.858","2.339","turquoise"
"-4.399","29.063","2.181","4.54","1.051","-4.58","coral"
"4.63","-12.465","1.594","2.727","0.159","0.879","violet"
"1.635","23.62","6.584","-0.431","-0.884","-1.831","coral"
"4.289","28.986","5.567","-4.63","-4.095","-3.292","coral"
"4.458","-17.212","2.978","2.421","-2.369","-1.169","violet"
"-1.553","25.22","7.815","-3.301","-1.645","1.192","coral"
"4.815","-17.784","5.906","2.864","-1.84","1.134","violet"
"3.259","-13.838","4.971","2.791","-2.983","-2.028","violet"
"1.507","-3.029","8.514","0.913","-0.118","0.313","turquoise"
"2.091","-5.136","2.231","3.514","0.913","1.76","turquoise"
"3.245","-19.847","3.139","0.027","0.667","0.782","turquoise"
"1.159","22.581","0.842","-2.926","-2.678","1.022","coral"
"4.082","0.372","8.895","-3.991","0.682","4.777","violet"
"2.925","5.151","2.555","1.038","-0.905","-1.368","turquoise"
"1.461","-19.763","0.171","-3.372","-2.278","1.965","violet"
"-0.186","24.43","1.683","3.755","2.095","0.769","coral"
"2.524","-6.567","1.101","-1.179","-2.943","-0.978","violet"
"2.16","-1.74","0.016","-0.095","0.94","0.529","turquoise"
"1.545","-2.569","4.628","-4.023","-2.372","-3.198","violet"
"1.817","-19.94","3.262","-4.925","-2.613","-0.345","violet"
"1.414","-14.163","4.965","-1.685","-2.219","-0.723","violet"
"3.305","-2.435","0.711","-0.825","0.977","3.748","violet"
"3.454","-1.32","5.175","-0.19","0.299","-0.032","turquoise"
"2.662","-12.709","5.084","-1.397","0.971","-2.777","violet"
"3.192","-1.496","0.524","-1.712","0.991","1.076","violet"
"1.007","4.24","6.807","4.584","-0.83","0.755","violet"
"-4.523","25.475","6.424","3.704","-4.363","-3.531","coral"
"1.051","4.368","3.438","0.981","-1.45","-3.379","violet"
"-0.48","23.465","7.738","1.228","-4.355","-1.923","coral"
"0.483","20.505","6.431","2.399","0.056","-3.7","coral"
"1.942","-1.26","6.375","-2.448","-2.697","-2.021","violet"
"1.4","23.55","2.368","3.349","-3.049","-1.371","coral"
"-2.836","25.191","3.563","0.368","-3.936","-2.367","coral"
"1","-12.616","6.034","0.942","-0.959","0.039","violet"
"4.537","-8.258","2.666","3.323","0.28","-3.092","violet"
"-0.956","29.785","7.342","-4.028","-4.294","1.406","coral"
"1.501","7.619","3.911","4.831","0.045","3.297","turquoise"
"3.62","-11.5","5.07","-3.259","0.901","3.186","violet"
"1.12","-8.209","1.006","4.39","-0.317","-4.265","violet"
"2.283","10.826","8.089","-0.158","0.976","2.641","turquoise"
"4.985","-7.026","3.439","-3.642","-0.755","-1.373","violet"
"-1.954","18.023","3.706","-2.962","1.86","-1.183","coral"
"4.093","1.645","9.768","-0.743","0.675","-2.911","violet"
"-4.827","28.167","7.939","2.899","3.575","3.231","coral"
"4.449","5.586","5.185","-1.461","-2.379","-2.077","violet"
"4","-17.636","0.104","0.075","0.732","0.221","violet"
"2.485","-12.263","4.158","-4.715","-1","-0.653","turquoise"
"-1.108","29.562","9.017","-0.261","2.284","-4.584","coral"
"1.569","25.362","6.89","-0.212","4.361","-1.264","coral"
"1.001","1.872","0.387","0.27","-1.049","-4.785","violet"
"2.787","-3.563","2.279","-1.178","0.989","2.789","violet"
"-1.447","23.904","4.737","4.742","-3.587","1.681","coral"
"-4.945","17.996","4.79","3.457","4.734","-0.588","coral"
"2.434","-19.472","7.695","-0.355","0.998","-0.434","turquoise"
"3.599","26.787","6.088","3.363","4.767","3.454","coral"
"3.492","-3.486","4.13","-1.854","0.128","-0.437","turquoise"
"3.343","11.487","8.34","-3.984","-0.537","-3.547","turquoise"
"2.246","3.464","8.096","-1.438","-2.852","-2.815","violet"
"0.874","7.916","0.105","4.558","-4.077","-3.314","coral"
"1.165","-10.293","3.12","-2.681","-0.204","4.244","violet"
"1.019","-11.902","8.126","0.687","-0.727","-4.767","violet"
"1.494","18.049","1.483","3.307","2.929","3.371","coral"
"3.046","-0.464","0.743","2.189","0.838","-2.792","turquoise"
"3.284","12.395","9.84","-0.935","-2.98","0.787","violet"
"4.828","-11.038","6.834","-4.936","-0.188","-3.639","violet"
"-4.406","24.095","6.537","-4.65","-2.649","4.356","coral"
"1.827","4.999","3.871","-0.854","-2.62","-2.481","violet"
"4.833","1.197","6.473","2.218","-0.2","-0.83","violet"
"3.497","11.66","0.578","-0.695","-1.94","0.864","coral"
"2.907","-7.7","9.251","3.417","-2.998","-1.884","violet"
"2.977","-16.558","3.336","4.633","0.879","2.807","turquoise"
"1.294","-1.506","6.408","3.266","0.045","-0.987","violet"
"4.99","-11.187","0.882","0.496","-0.8","-2.419","violet"
"4.387","5.785","4.066","2.065","0.441","4.236","violet"
"1.125","-15.572","3.406","0.728","-0.305","-4.435","violet"
"2.709","-4.144","4.512","-0.17","0.978","2.044","turquoise"
"3.773","-8.147","4.311","0.729","-2.845","-0.184","violet"
"2.872","2.783","1.8","1.872","-2.996","2.516","violet"
"3.699","-9.48","6.393","-3.439","0.874","1.989","violet"
"4.036","-4.777","2.008","0.576","-2.711","-0.3","violet"
"2.405","-0.298","1.11","0.282","0.909","-1.467","violet"
"1.054","1.885","1.488","3.522","-0.539","0.126","violet"
"4.552","-17.393","2.962","-2.659","-2.261","2.997","violet"
"-4.659","16.006","3.603","-3.776","0.923","-1.449","coral"
"2.16","-11.605","7.245","0.572","0.815","1.13","violet"
"3.273","-15.162","3.722","-3.816","-0.634","-0.4","turquoise"
"-1.452","20.084","5.313","-0.268","-1.775","3.55","coral"
"-0.172","12.165","2.571","-4.401","4.126","-2.219","coral"
"-1.007","16.296","2.738","-0.386","2.965","-2.597","coral"
"2.118","9.988","9.788","-2.027","-0.924","0.109","turquoise"
"4.326","28.082","8.071","-3.928","-0.633","3.792","coral"
"1.869","-1.345","2.671","-0.492","0.776","-2.739","turquoise"
"4.995","8.282","7.545","-2.222","-0.858","-1.911","violet"
"4.923","-7.66","8.11","-2.696","-0.45","0.46","violet"
"4.96","8.431","6.988","0.558","-1.397","-3.975","violet"
"4.302","6.955","8.869","-4.687","-2.518","-3.051","violet"
"1.017","-3.594","5.444","-2.108","-1.263","2.353","violet"
"2.274","-17.837","7.413","-0.025","0.864","-2.784","violet"
"3.466","10.95","9.551","2.555","0.258","1.478","turquoise"
"2.459","22.522","5.82","-1.182","4.638","-3.665","coral"
"-2.666","29.419","9.681","3.49","2.15","-3.26","coral"
"1.003","2.998","8.597","3.601","-0.885","3.47","violet"
"3.497","10.081","5.47","-0.743","-0.075","2.668","turquoise"
"4.234","-18.649","7.748","2.842","0.574","-4.874","violet"
"1.405","25.12","4.004","-4.139","-4.163","-2.603","coral"
"-3.736","26.28","3.139","-3.874","0.815","-2.063","coral"
"2.589","-9.43","6.181","0.774","-0.996","-3.524","turquoise"
"-0.826","23.621","5.284","2.692","-0.906","3.597","coral"
"2.462","-14.636","4.138","0.173","-2.926","-4.018","violet"
"2.647","-7.158","5.635","-2.731","0.969","-1.129","violet"
"3.248","-15.536","7.295","0.674","0.663","3.724","turquoise"
"1.964","-10.066","3.223","-1.461","-2.711","0.498","violet"
"0.064","29.177","8.055","-0.917","-4.987","-1.482","coral"
"4.955","0.742","0.244","3.958","-0.578","-3.977","violet"
"4.882","-18.115","0.815","-4.325","-1.678","0.255","violet"
"4.959","-15.794","2.706","1.332","-1.403","3.195","violet"
"1","-6.823","7.01","3.112","-0.973","-1.723","violet"
"3.272","28.001","4.1","3.476","-4.713","-1.206","coral"
"3.544","-18.117","8.035","0.759","0.925","2.636","violet"
"-0.403","21.554","0.044","1.03","4.191","-3.918","coral"
"4.671","-18.709","0.386","-0.457","0.099","4.536","violet"
"2.418","0.479","5.162","-4.565","-2.913","-4.943","violet"
"1.897","-4.891","1.07","-1.386","-2.668","-1.445","violet"
"4.049","-16.609","0.648","-2.253","0.703","4.518","violet"
"-3.422","27.984","9.279","-2.509","-2.663","-1.53","coral"
"3.025","-18.878","6.468","4.584","1","4.803","violet"
"-4.234","23.099","5.713","-2.72","-2.141","1.95","coral"
"1.003","0.085","2.761","0.028","-0.886","-2.719","violet"
"3.546","-18.052","2.481","0.169","-2.924","-2.203","violet"
"1.545","-14.653","9.176","-2.513","-0.296","1.795","turquoise"
"4.245","-9.218","5.721","4.258","0.565","0.93","violet"
"2.002","-1.5","0.634","1.519","0.867","1.775","turquoise"
"3.198","6.726","9.507","-1.46","0.99","-4.787","violet"
"5","-11.768","4.387","-3.428","-1.016","2.849","violet"
"2.944","29.529","1.045","4.933","-3.529","1.086","coral"
"1.5","10.477","8.432","0.283","-0.012","0.593","turquoise"
"2.618","13.116","8.058","3.479","0.993","-3.038","turquoise"
"4.894","9.088","8.616","0.904","-0.357","0.066","violet"
"4.152","1.652","3.321","3.285","-2.635","-4.561","violet"
"-1.093","25.319","1.006","-2.488","-3.058","-2.004","coral"
"4.374","28.104","2.642","1.711","-1.25","-2.803","coral"
"2.698","-7.035","5.336","0.422","-0.98","0.533","turquoise"
"4.99","15.053","8.485","-0.495","-0.802","-3.954","violet"
"3.642","5.777","8.238","2.728","-2.894","4.143","violet"
"2.482","-7.798","3.793","-1.36","1","-3.768","turquoise"
"2.377","-1.263","1.177","1.858","-2.9","3.751","violet"
"3.935","5.711","3.193","1.588","0.768","-0.775","violet"
"2.273","28.368","8.323","1.961","-3.834","0.814","coral"
"2.007","-9.546","0.005","4.225","0.736","-0.574","violet"
"1.255","3.112","5.187","-4.706","-1.977","-1.4","violet"
"4.95","-14.347","5.914","1.532","-0.554","0.34","violet"
"-1.07","25.441","3.134","-3.046","-1.523","4.685","coral"
"1.405","-13.968","3.34","-2.41","0.207","-4.221","violet"
"-3.931","14.749","0.01","-1.057","-1.22","3.075","coral"
"2.049","0.551","8.75","-4.653","0.893","2.085","turquoise"
"3.776","0.212","3.551","1.897","0.843","4.579","violet"
"1.955","-17.782","0.621","-2.849","0.705","-0.906","violet"
"-0.551","18.727","5.721","-4.826","-4.457","0.219","coral"
"2.393","13.451","9.935","-3.864","-2.906","1.629","violet"
"4.56","1.379","7.671","-2.034","0.251","3.095","violet"
"4.049","28.469","7.153","2.126","-4.922","3.796","coral"
"-2.625","25.284","6.628","-3.371","-2.95","-1.975","coral"
"2.67","-7.935","6.949","-4.916","0.973","-4.943","violet"
"1.301","6.174","5.826","3.774","-2.055","0.508","violet"
"1.702","25.41","5.98","-2.506","-1.652","-1.845","coral"
"-4.647","19.464","5.449","-1.73","-0.165","0.917","coral"
"4.866","-14.532","6.844","2.768","-0.281","-0.281","violet"
"1.004","12.733","8.852","-1.954","-1.12","1.398","violet"
"1.272","21.16","5.197","-2.638","1.634","-0.852","coral"
"1.613","-1.59","1.351","-3.675","0.462","4.81","turquoise"
"1.506","-14.599","2.263","2.004","0.329","4.268","violet"
"1.638","-4.076","1.681","1.393","0.465","-0.494","violet"
"2.825","-8.814","1.707","-0.543","-2.992","-4.472","violet"
"-2.452","26.778","5.824","3.545","-4.447","-1.778","coral"
"2.01","-9.323","6.317","-0.591","-2.738","-0.471","violet"
"1.772","28.847","6.586","1.296","-4.027","1.476","coral"
"4.06","-6.153","1.151","-4.891","0.696","4.808","violet"
"4.997","-6.516","3.289","2.264","-1.103","4.407","violet"
"1.046","5.66","9.986","-2.005","-1.428","0.263","violet"
"3.782","-7.679","4.724","0.708","0.841","-3.126","violet"
"1.501","-6.428","6.731","1.641","-0.047","4.944","turquoise"
"-0.167","22.004","2.966","4.35","-0.781","4.291","coral"
"2.941","-13.338","3.464","-3.223","-0.898","4.259","turquoise"
"3.077","6.774","0.269","-3.91","-0.648","1.957","coral"
"4.96","-11.051","5.689","-3.793","-0.603","-4.698","violet"
"1.634","29.506","9.241","-4.566","0.298","3.91","coral"
"2.476","-4.978","6.325","-2.921","-1","3.847","turquoise"
"4.365","-16.984","0.973","-0.585","0.462","1.16","violet"
"1.685","-16.475","5.304","2.289","0.507","-0.571","violet"
"3.709","-5.237","3.622","3.684","0.87","-2.667","violet"
"3.502","-2.646","2.764","-2.07","0.936","1.347","violet"
"3.389","-15.077","4.187","1.369","-0.457","-4.387","turquoise"
"-3.048","26.324","3.856","3.027","0.008","0.303","coral"
"1.072","-3.024","9.706","-2.066","-0.468","-1.757","violet"
"2.406","-8.588","5.191","1.723","0.91","2.183","violet"
"2.206","6.291","4.85","3.496","-2.836","-2.921","violet"
"2.519","-4.378","2.574","-0.214","-1","-4.708","turquoise"
"-2.179","19.113","1.452","3.191","1.477","-1.782","coral"
"1.193","13.667","8.166","-0.302","-1.858","3.228","violet"
"1.024","-14.523","1.257","-4.655","-0.691","-4.99","violet"
"4.73","-4.778","2.455","-0.333","0.004","1.64","violet"
"-2.699","24.257","6.756","-3.133","-2.98","-0.085","coral"
"3.038","0.299","2.897","4.922","-3","1.312","violet"
"-1.696","28.799","8.816","-3.622","4.193","-1.247","coral"
"2.479","1.952","4.37","-0.417","-1","4.914","turquoise"
"-3.367","20.592","4.045","1.395","-2.949","-0.866","coral"
"4.422","-7.344","7.675","-2.706","-2.406","-2.658","violet"
"1.849","-11.856","4.209","-1.436","0.636","-1.009","violet"
"1.897","-2.313","9.4","4.982","0.798","3.376","turquoise"
"3.493","6.043","4.921","-2.209","0.116","0.798","turquoise"
"1.115","-2.335","4.344","-2.363","-0.332","-4.571","violet"
"-1.157","15.791","2.333","-2.161","-0.463","-1.219","coral"
"2.573","-13.485","6.4","3.837","0.997","0.707","turquoise"
"2.346","12.508","7.107","3.687","-0.988","-0.241","turquoise"
"4.982","-19.119","5.101","3.243","-1.264","-3.602","violet"
"1.238","-5.399","1.963","2.299","-1.946","-3.709","violet"
"3.464","-11.571","3.448","-1.985","-0.267","-1.243","turquoise"
"-4.206","24.09","3.128","-0.1","4.152","-3.191","coral"
"2.035","-10.744","8.606","2.916","0.752","2.161","violet"
"1.021","-0.729","2.122","-0.977","-0.711","4.477","violet"
"2.918","17.362","3.878","3.638","1.094","2.951","coral"
"2.782","-7.567","9.27","4.504","-0.959","-4.857","turquoise"
"2.269","13.536","8.085","2.002","-2.861","2.348","violet"
"4.717","-13.492","8.751","1.867","0.025","-2.138","violet"
"3.079","-5.9","0.784","3.501","0.998","2.869","violet"
"2.48","28.155","8.088","-0.05","-1.501","-0.705","coral"
"1.265","-15.599","8.858","-4.615","-0.005","4.647","violet"
"-4.481","23.577","7.874","1.658","0.334","2.098","coral"
"1.032","-3.355","5.423","3.619","-1.355","3.104","violet"
"2.706","-18.258","3.88","-3.664","-0.979","-4.99","turquoise"
"4.901","0.186","8.849","-1.894","-0.379","-2.786","violet"
"1.094","-1.862","7.751","-4.794","-0.393","-0.411","violet"
"1.031","-14.784","2.029","2.184","-1.348","1.658","violet"
"3.943","20.808","6.19","-2.946","0.509","1.917","coral"
"4.079","-17.748","2.992","-3.238","0.684","0.728","violet"
"4.276","-15.088","1.108","4.933","-2.54","-4.107","violet"
"-0.023","28.068","5.324","3.135","4.462","-1.284","coral"
"4.192","3.325","7.56","-0.68","0.606","-4.108","violet"
"5","0.499","5.562","-3.474","-0.981","0.772","violet"
"-3.366","20.313","3.187","2.074","-4.88","-4.7","coral"
"-1.598","27.501","4.577","3.234","3.823","-4.83","coral"
"2.283","-13.996","6.494","4.793","0.867","1.232","violet"
"-0.629","23.156","6.863","-4.569","-4.628","4.14","coral"
"3.227","-7.745","2.845","-1.561","0.987","-1.271","violet"
"1.078","-9.007","9.912","-3.813","-0.446","2.946","violet"
"1.637","0.063","2.199","1.589","0.505","2.191","turquoise"
"-0.167","28.433","0.884","-1.301","1.663","3.273","coral"
"0.921","25.334","4.596","0.076","-4.12","1.502","coral"
"3.466","7.282","9.09","3.129","-2.945","-4.728","violet"
"4.676","-18.339","9.362","0.425","0.092","2.01","violet"
"1.06","5.086","9.652","3.017","-0.516","4.788","violet"
"1.507","-18.366","8.765","-1.851","-2.331","-0.084","violet"
"4.853","1.243","3.696","-2.071","-1.753","-2.961","violet"
"1.616","24.08","6.759","3.188","-0.958","-2.515","coral"
"2.362","29.385","5.876","-1.698","-0.465","2.294","coral"
"4.766","8.427","9.99","-0.652","-0.061","-1.799","violet"
"1.027","-19.605","6.355","-4.83","-1.325","1.601","violet"
"1.133","-4.435","6.383","-1.785","-0.283","0.701","violet"
"3.928","0.976","7.948","0.556","-2.772","2.479","violet"
"3.088","22.429","5.405","-0.118","3.79","4.21","coral"
"4.045","10.461","7.561","-2.798","-2.705","-4.748","violet"
"4.971","-14.856","6.226","-3.84","-1.339","-4.365","violet"
"1.951","29.173","5.788","4.198","-2.286","-3.607","coral"
"1.508","-12.181","1.766","-1.848","-0.127","-2.072","turquoise"
"-2.342","28.542","4.027","0.386","-1.569","2.237","coral"
"2.435","10.598","8.376","-0.593","0.919","-1.98","violet"
"2.35","9.55","9.867","0.288","-0.989","3.329","turquoise"
"4.172","-16.501","7.385","1.303","-2.62","-3.136","violet"
"4.369","-1.916","6.691","3.442","-2.458","-1.183","violet"
"-2.516","29.31","9.811","3.764","0.467","0.202","coral"
"1.169","-14.106","2.325","4.796","-0.196","0.997","violet"
"4.441","28.842","9.971","-1.414","-3.145","0.511","coral"
"3.492","-5.956","3.666","-1.125","0.124","3.968","turquoise"
"4.919","28.771","4.783","-1.928","-4.156","-1.247","coral"
"1.594","4.343","8.513","-0.484","-2.422","-2.969","violet"
"4.898","-0.78","0.222","0.121","-0.369","-1.298","violet"
"4.461","-4.689","0.025","2.308","-2.366","1.479","violet"
"4.967","8.287","8.749","-4.414","-1.361","0.665","violet"
"2.027","-8.009","6.772","-4.661","-0.881","1.699","turquoise"
"4.65","-19.299","5.429","2.437","0.13","0.551","violet"
"2.39","28.655","5.552","-2.086","0.362","-2.124","coral"
"1.786","-5.537","2.471","2.143","-0.7","-1.234","turquoise"
"4.803","7.238","6.991","-0.441","-0.135","-0.173","violet"
"1.713","7.814","7.002","0.138","-2.531","-1.671","violet"
"1.932","10.951","6.32","-2.125","-2.691","-0.273","violet"
"1.528","0.281","4.4","0.379","-0.237","-0.657","turquoise"
"4.826","-18.744","9.475","-1.101","-0.184","-2.054","violet"
"4.999","-12.991","7.44","-4.556","-1.046","0.067","violet"
"3.583","11.366","9.917","-4.568","0.913","4.034","violet"
"1.009","10.698","8.082","3.131","-1.193","2.488","violet"
"1.726","-15.518","7.807","-0.999","0.634","2.312","turquoise"
"4.992","4.978","6.037","-4.81","-0.822","-2.037","violet"
"1.846","-11.39","4.972","-2.035","0.634","-3.219","violet"
"1.578","3.394","4.27","-0.141","0.406","0.957","violet"
"-4.856","18.725","3.131","-0.65","1.916","-2.047","coral"
"1.614","6.847","7.222","3.616","0.464","1.156","turquoise"
"3.435","7.075","7.257","-0.851","-0.356","4.522","turquoise"
"1.231","6.659","6.717","2.542","-0.066","-1.222","violet"
"1.922","0.655","9.097","2.905","0.685","3.054","violet"
"1.296","-11.995","8.032","-1.525","0.047","-2.162","violet"
"2.938","-4.895","2.031","-1.401","-2.999","2.292","violet"
"3.356","-14.291","2.055","-1.627","0.517","4.971","turquoise"
"-4.58","26.602","9.072","-3.583","0.718","-0.91","coral"
"4.844","0.491","9.748","-2.805","-0.227","0.526","violet"
"0.475","29.367","9.213","-1.308","-2.448","-2.094","coral"
"4.501","15.876","1.289","2.517","-3.138","0.236","coral"
"4.168","3.756","3.026","-3.958","0.623","-0.77","violet"
"-0.359","19.417","3.911","-4.173","3.369","1.232","coral"
"2.703","29.911","7.372","1.201","3.911","-0.603","coral"
"1","-11.586","2.937","-3.447","-1.016","-2.916","violet"
"4.772","-13.257","5.544","0.933","-1.927","4.049","violet"
"3.136","-18.557","1.922","-4.595","0.772","-2.749","turquoise"
"1.06","-17.097","7.381","4.99","-0.513","-2.111","violet"
"1.999","-19.704","0.596","-0.707","0.731","-2.044","violet"
"1.627","-1.74","3.778","4.284","0.488","-3.719","turquoise"
"0.869","10.122","1.084","-2.542","-4.419","0.791","coral"
"4.563","24.662","8.118","2.618","3.86","-2.657","coral"
"2.929","-8.805","0.695","-0.659","-2.999","0.531","violet"
"-2.196","20.568","5.003","4.123","0.57","4.42","coral"
"1.766","-1.819","8.794","2.488","0.574","-1.887","violet"
"4.255","28.786","1.225","4.978","4.953","0.044","coral"
"-3.132","27.433","7.58","-4.996","2.418","3.209","coral"
"4.991","5.425","6.741","-2.502","-1.191","3.94","violet"
"4.784","7.195","9.108","-2.955","-1.904","3.069","violet"
"3.496","7.771","4.696","3.837","0.095","1.98","turquoise"
"3.924","-14.027","7.848","3.925","-2.774","-1.555","violet"
"3.251","2.369","6.842","0.433","0.66","-3.889","turquoise"
"4.035","12.051","6.627","0.276","-2.711","-4.16","violet"
"1.862","-2.032","7.279","1.508","-0.77","0.375","turquoise"
"-0.757","26.614","6.625","-3.991","-1.702","-2.435","coral"
"1.14","21.528","2.641","-0.625","1.976","1.665","coral"
"2.519","-1.74","5.137","-2.265","-2.941","-4.856","violet"
"-1.641","26.355","8.241","3.072","1.366","-0.583","coral"
"-0.54","22.68","2.267","-1.625","-1.572","-2.378","coral"
"4.227","23.362","1.88","-1.834","-0.293","-0.954","coral"
"4.854","29.166","0.131","2.692","2.517","-2.36","coral"
"4.791","2.683","3.063","-3.161","-0.109","1.372","violet"
"4.909","-19.182","9.299","4.435","-0.402","-0.401","violet"
"4.845","7.74","7.278","0.218","-0.229","4.71","violet"
"2.533","-4.655","0.181","2.17","0.945","-4.787","violet"
"-3.937","15.206","3.916","0.827","-0.846","-1.088","coral"
"1.016","2.285","4.004","-2.415","-1.254","-1.316","violet"
"1.65","3.781","8.752","2.958","0.528","4.819","turquoise"
"1.666","0.23","4.79","2.6","-2.49","-1.465","violet"
"1.721","-17.447","7.908","-1.618","-2.538","0.302","violet"
"3.186","20.833","0.199","1.012","-1.4","-4.369","coral"
"-0.334","29.809","7.07","-1.327","3.592","-2.306","coral"
"1.848","-9.167","0.355","0.165","0.635","-0.838","violet"
"2.687","-19.542","1.283","-1.081","-2.975","1.265","violet"
"-3.964","26.024","7.808","-2.352","0.118","2.1","coral"
"1.065","-10.612","5.634","0.724","-1.504","-2.357","violet"
"-0.345","27.396","7.395","4.088","-0.587","-0.769","coral"
"4.922","24.212","5.564","-0.562","4.034","-4.897","coral"
"3.329","-17.067","2.842","2.741","0.973","2.187","violet"
"1.53","-13.908","2.595","2.142","0.242","4.334","turquoise"
"3.708","1.128","0.488","-3.633","-2.871","-3.644","violet"
"3.429","-2.796","6.862","3.256","-2.953","3.265","violet"
"2.878","-14.083","1.55","0.583","0.926","1.466","turquoise"
"-0.171","29.09","9.73","1.943","1.116","0.035","coral"
"2.264","-2.643","7.542","4.336","-0.972","-0.19","turquoise"
"-3.216","21.322","4.78","3.581","1.271","4.377","coral"
"2.071","18.386","3.152","-1.228","-3.239","-2.519","coral"
"1.34","-19.523","9.565","-1.357","-2.116","3.105","violet"
"2.554","10.045","1.418","-1.201","2.152","0.179","coral"
"1.948","-10.54","3.14","0.466","0.701","-3.134","violet"
"1.509","4.834","5.736","1.57","-0.136","2.09","turquoise"
"2.126","-9.602","8.008","3.667","-2.799","-3.893","violet"
"4.987","9.306","5.465","-1.95","-0.77","-2.632","violet"
"-1.053","29.043","9.781","-2.225","3.964","4.86","coral"
"1.904","-9.115","1.65","-1.503","0.803","-4.317","turquoise"
"2.13","21.172","5.441","-1.514","-1.339","2.896","coral"
"2.438","4.91","4.111","-1.491","-2.919","1.702","violet"
"2.62","-4.469","0.144","0.966","-2.964","2.167","violet"
"3.835","28.692","8.962","3.402","-2.132","1.034","coral"
"2.89","10.673","6.287","0.522","0.997","-3.32","violet"
"3.491","-17.309","9.555","-4.444","0.134","-3.055","turquoise"
"3.374","-19.695","7.002","-0.645","0.487","-0.053","turquoise"
"2.298","4.934","4.02","-0.364","0.873","4.654","violet"
"0.605","22.678","6.707","2.646","-2.85","3.192","coral"
"1.023","10.149","8.809","-1.074","-1.303","3.618","violet"
"4.571","4.82","2.256","1.204","0.238","1.902","violet"
"2.372","3.239","8.669","4.928","-2.899","-3.546","violet"
"-3.847","26.391","3.918","4.972","1.539","-4.978","coral"
"2.303","-0.634","0.422","-4.376","-0.98","3.433","turquoise"
"2.645","-13.547","5.46","0.328","-2.968","0.265","violet"
"1.514","3.398","4.632","1.051","0.168","2.594","turquoise"
"2.782","1.285","2.465","-1.942","-2.988","2.777","violet"
"4.999","-18.399","9.573","-2.389","-1.05","4.516","violet"
"2.681","-14.454","0.105","-2.411","-2.974","3.631","violet"
"3.514","21.295","5.077","2.658","-2.482","0.186","coral"
"1.067","-7.857","1.051","3.176","-0.486","0.814","violet"
"2.865","27.206","8.93","3.204","-2.015","-4.53","coral"
"4.784","-9.23","5.305","-2.273","-0.096","-3.095","violet"
"-2.058","23.154","7.065","-3.421","-4.183","-1.233","coral"
"3.541","9.02","8.769","4.909","0.925","-0.376","violet"
"1.281","0.361","3.595","-1.645","-2.022","4.835","violet"
"2.377","10.549","6.644","-0.625","0.992","4.017","turquoise"
"-2.436","14.588","4.07","1.19","-4.63","-4.766","coral"
"1.001","-7.748","1.926","-3.147","-1.076","-3.636","violet"
"2.155","-1.275","9.451","1.863","-2.813","-3.529","violet"
"3.271","7.676","6.314","-1.576","-0.637","2.562","turquoise"
"2.486","28.604","8.168","0.647","-4.374","3.894","coral"
"1.623","-15.479","3.869","4.724","0.45","3.995","violet"
"1.69","-10.662","0.781","-2.865","-0.586","-2.623","turquoise"
"1.879","0.593","7.932","2.021","-0.784","4.48","turquoise"
"1.438","-15.937","3.481","2.467","-2.249","-4.254","violet"
"4.805","-14.68","0.801","-0.348","-1.861","0.649","violet"
"4.975","2.762","3.445","4.305","-0.683","4.501","violet"
"-4.662","25.947","7.053","2.043","0.075","1.893","coral"
"1.033","-19.243","5.644","-2.898","-1.359","1.543","violet"
"2.065","-4.895","1.557","-3.985","-0.9","0.098","turquoise"
"4.442","-7.009","7.092","2.341","-2.386","1.494","violet"
"4.86","-13.423","8.94","3.026","-0.264","-3.609","violet"
"1.404","-0.332","7.028","-2.668","0.206","-4.373","violet"
"1.641","-12.644","5.642","-3.948","0.512","-2.11","turquoise"
"3.392","-18.409","7.41","-1.47","-0.452","0.462","turquoise"
"3.381","14.678","9.056","0.033","0.474","3.474","turquoise"
"2.876","25.271","6.345","-4.194","1.6","4.561","coral"
"1.848","21.341","6.755","4.509","-3.232","-4.514","coral"
"1.818","-0.142","5.071","-0.409","-0.732","0.871","turquoise"
"2.832","10.364","0.606","-0.185","0.562","2.409","coral"
"2.054","-11.785","7.635","1.127","0.762","-1.328","violet"
"-1.396","27.614","7.495","4.367","2.526","3.146","coral"
"-3.056","20.953","4.693","2.778","-0.122","-1.347","coral"
"4.922","-14.899","5.111","-4.892","-0.447","3.798","violet"
"2.467","-14.162","1.703","0.452","0.928","0.584","violet"
"3.343","11.623","8.618","-0.731","-0.538","3.154","turquoise"
"2.146","-9.395","9.215","3.848","-0.935","-0.917","turquoise"
"-2.005","25.705","0.253","-4.213","-3.108","-0.444","coral"
"1.618","-15.998","8.016","-1.537","0.472","2.803","turquoise"
"3.085","-12.288","6.083","3.625","0.811","1.805","turquoise"
"-4.101","28.463","9.572","-2.02","3.54","4.505","coral"
"1.614","-18.282","6.059","-0.211","-2.442","-0.664","violet"
"2.409","-14.103","1.962","-2.022","-2.911","3.697","violet"
"3.675","1.658","8.119","-3.471","0.883","3.548","violet"
"2.112","-14.083","2.757","-3.237","0.792","3.925","violet"
"1.655","-9.798","8.817","-1.479","0.48","-0.01","violet"
"-3.602","19.972","1.619","-2.138","3.193","-3.363","coral"
"3.755","1.401","9.192","-2.516","0.852","-3.087","violet"
"1.749","8.859","4.981","-3.064","-2.561","2.334","violet"
"1.587","4.472","5.814","-2.852","0.415","-0.97","violet"
"1.016","-5.257","9.879","3.806","-1.256","-3.194","violet"
"3.499","-14.012","9.551","4.781","0.048","3.164","turquoise"
"2.876","-6.499","9.651","-4.949","-2.996","-3.224","violet"
"3.78","23.893","7.701","-4.267","-4.997","0.041","coral"
"4.984","-18.774","0.82","0.436","-1.251","2.156","violet"
"2.033","14.9","9.583","2.69","0.751","4.084","violet"
"1.694","-13.494","8.56","-4.326","-0.591","-1.452","turquoise"
"-3.174","19.352","1.996","-3.91","-1.096","-2.92","coral"
"1.508","-15.813","3.071","0.529","0.125","0.342","turquoise"
"3.043","3.907","7.834","0.67","0.839","3.437","turquoise"
"2.149","-7.787","7.746","-4.646","0.936","4.038","turquoise"
"-4.276","27.153","7.556","4.852","-4.541","1.019","coral"
"2.977","29.05","5.656","-3.145","-2.819","-1.285","coral"
"1.037","-0.781","1.87","-2.475","-0.617","1.767","violet"
"1.181","-8.428","0.77","-0.778","-0.168","4.308","violet"
"1.39","23.313","2.401","-0.763","-0.714","1.65","coral"
"-2.406","27.056","7.331","4.441","0.775","4.513","coral"
"4.691","-1.655","9.759","-3.253","-2.069","4.965","violet"
"2.884","-4.18","8.531","-2.198","-0.923","-0.984","turquoise"
"4.997","-8.953","0.95","-4.683","-0.889","4.928","violet"
"2.575","-0.741","5.545","0.776","-2.954","-1.859","violet"
"4.636","-17.055","0.151","2.816","0.15","4.185","violet"
"3.481","-9.642","8.756","-1.218","0.941","-0.257","violet"
"4.178","-6.708","6.499","2.542","0.616","-0.597","violet"
"2.25","-12.13","0.75","-3.904","0.854","-4.71","violet"
"3.072","-0.101","1.703","-4.901","0.999","0.55","violet"
"1.903","-1.933","8.482","-1.186","0.802","-1.584","turquoise"
"2.695","-1.637","5.549","3.984","0.977","1.435","violet"
"1.584","7.632","3.94","1.781","0.402","2.607","turquoise"
"2.928","-12.64","9.039","-3.882","0.999","2.394","violet"
"4.8","0.651","3.898","2.22","-0.129","3.219","violet"
"1.559","-8.105","6.875","1.056","0.34","1.822","turquoise"
"1.578","16.504","2.956","2.625","4.399","1.564","coral"
"3.448","-5.57","9.047","-2.914","0.317","-0.814","turquoise"
"2.27","26.748","1.291","-0.3","-1.623","3.269","coral"
"3.092","-0.686","0.042","1.849","-2.998","3.08","violet"
"2.374","6.328","9.116","-4.046","0.899","-0.928","violet"
"4.69","1.245","0.544","-2.54","-2.069","3.02","violet"
"2.341","-13.497","5.237","-0.221","0.888","-2.023","violet"
"2.288","2.872","5.402","4.526","-2.869","-1.782","violet"
"1.009","-16.97","5.027","-2.701","-1.191","-3.29","violet"
"4.982","8.764","8.633","-0.865","-1.267","-1.942","violet"
"-0.916","28.974","1.104","3.063","-3.119","1.625","coral"
"2.696","-4.313","9.409","2.424","-0.981","0.035","turquoise"
"4.25","11.484","6.095","-3.724","0.561","3.841","violet"
"4.927","-1.316","5.231","1.346","-0.465","-0.455","violet"
"1.001","-15.031","2.747","-2.819","-1.053","-0.301","violet"
"1.146","-5.561","6.915","4.173","-1.751","1.692","violet"
"4.932","-18.994","6.407","2.431","-0.482","4.856","violet"
"1.509","-5.551","9.225","-4.185","-0.132","-4.95","turquoise"
"1.247","0.536","6.016","-2.653","-1.963","-4.823","violet"
"1.704","30.047","7.95","-2.295","2.953","0.999","coral"
"4.959","0.283","1.957","4.088","-1.403","-0.213","violet"
"4.878","-5.641","3.693","1.129","-1.689","4.424","violet"
"1.401","3.664","5.153","2.95","-2.202","3.921","violet"
"3.422","3.315","8.832","-1.267","0.386","0.37","turquoise"
"3.375","-11.665","3.736","-1.491","-0.485","-1.225","turquoise"
"1.476","-19.618","8.174","4.095","0.295","0.648","violet"
"-3.59","15.469","3.366","0.03","0.858","4.164","coral"
"1.435","20.854","6.061","-1.377","1.683","4.5","coral"
"-2.906","28.902","9.18","-0.217","-0.273","-2.818","coral"
"1.177","-9.034","0.697","-0.254","-1.822","4.183","violet"
"2.505","19.964","0.129","-0.251","1.971","-2.138","coral"
"1.763","-7.464","0.04","0.759","0.572","-3.842","violet"
"-0.248","5.422","0.176","-4.945","-3.671","1.064","coral"
"4.073","15.474","2.772","4.937","4.185","-4.258","coral"
"1.631","-11.24","0.043","4.568","-0.495","0.251","turquoise"
"3.371","-5.901","6.333","-1.943","0.491","-2.502","turquoise"
"1.091","4.273","5.308","-2.537","-0.405","-3.649","violet"
"2.145","-8.613","8.855","-4.596","0.808","-3.925","violet"
"2.517","-15.833","9.271","-3.254","1","2.467","turquoise"
"1.526","-4.056","4.895","-4.411","-0.226","0.666","turquoise"
"1.231","27.502","9.134","-3.761","-2.575","-2.835","coral"
"3.611","-2.738","2.537","-0.784","0.904","-0.682","violet"
"1.488","-14.743","3.187","0.717","0.309","-3.875","violet"
"2.374","-20.109","1.051","-0.91","0.992","-2.491","turquoise"
"1.488","-12.515","6.618","-0.261","-2.309","3.354","violet"
"3.999","-7.965","8.014","4.213","-2.732","-0.256","violet"
"1.853","12.609","2.398","-1.883","1.803","-1.534","coral"
"1.002","0.817","3.809","3.357","-1.086","0.899","violet"
"2.491","28.796","9.814","2.115","1.275","3.992","coral"
"3.317","-2.758","0.274","4.392","-2.975","0.467","violet"
"0.188","21.428","2.504","1.702","2.079","-3.649","coral"
"1.706","10.129","7.64","2.074","0.608","-3.297","turquoise"
"2.185","-1.259","6.236","1.98","0.826","2.785","violet"
"1.508","8.346","9.316","-2.357","0.13","2.137","turquoise"
"1.483","22.95","6.581","-0.411","-0.884","2.876","coral"
"3.382","5.089","3.971","-3.077","0.472","-3.036","turquoise"
"2.853","-1.125","6.488","-2.989","-0.936","-1.55","turquoise"
"1.137","6.357","4.482","-1.067","-1.728","-0.925","violet"
"1.993","-15.63","1.952","3.781","-0.862","-4.798","turquoise"
"3.402","-16.151","0.374","-3.959","0.432","-2.322","turquoise"
"1.154","-3.631","4.307","0.356","-1.77","-4.954","violet"
"0.103","22.022","7.066","2.435","2.961","-0.549","coral"
"2.494","19.196","0.77","-0.525","-2.956","1.515","coral"
"-2.011","26.977","0.019","-3.004","0.272","0.801","coral"
"2.428","-6.079","4.849","2","-2.916","-0.81","violet"
"-3.342","22.878","7.662","-4.459","0.901","-1.089","coral"
"-0.954","28.736","7.656","1.658","3.636","-1.702","coral"
"3.944","23.085","4.418","-1.369","-3.262","3.537","coral"
"2.159","-17.701","0.037","0.454","-2.815","3.191","violet"
"3.556","-11.127","2.083","-4.891","0.921","-2.941","violet"
"-0.541","21.974","6.854","4.15","-3.866","-1.191","coral"
"1.545","-8.74","4.745","-3.813","-2.373","4.44","violet"
"2.808","28.661","7.036","0.942","1.828","2.491","coral"
"1.124","-5.146","5.57","-3.263","-0.307","0.706","violet"
"1.093","-15.961","5.929","-3.992","-1.603","-0.448","violet"
"2.91","-11.899","0.388","1.928","0.998","-1.274","violet"
"4.959","-14.045","9.816","-0.985","-1.401","0.557","violet"
"1.063","-10.675","6.213","-3.001","-1.498","-2.48","violet"
"1.717","29.336","9.702","-0.227","-0.667","-0.241","coral"
"3.898","-13.103","2.65","0.46","-2.787","-1.353","violet"
"4.113","-7.118","3.86","3.151","0.661","0.748","violet"
"4.361","0.803","1.585","0.455","0.466","4.898","violet"
"1.029","-13.232","9.084","-4.301","-0.659","0.717","violet"
"1.233","13.544","7.907","3.669","-0.064","-4.184","violet"
"4.429","2.33","0.182","4.81","-2.399","-1.53","violet"
"-0.707","27.663","8.227","4.953","-0.145","1.114","coral"
"2.13","-16.639","0.995","-0.29","0.801","1.898","violet"
"-3.443","25.537","6.97","3.382","-2.522","-4.649","coral"
"4.631","9.399","8.391","-0.86","0.158","-4.913","violet"
"1.225","2.317","2.151","0.021","-1.922","3.474","violet"
"3.23","-6.02","3.816","-1.536","0.987","-1.595","violet"
"2.381","25.483","3.642","2.081","2.236","-4.103","coral"
"-0.992","21.652","6.964","-3.518","-1.91","-4.345","coral"
"3.269","-16.484","7.133","3.863","0.64","0.498","turquoise"
"1.493","-11.17","3.372","3.269","-2.315","-3.337","violet"
"-3.828","16.64","0.324","0.718","-3.698","-2.176","coral"
"1.136","-13.267","1.495","1.868","-0.275","3.937","violet"
"1.287","0.773","7.084","-2.009","-2.032","-0.538","violet"
"1.937","1.007","2.02","-3.782","-0.826","-0.152","turquoise"
"-0.613","23.87","2.747","4.469","-3.953","-4.887","coral"
"1.533","-8.671","0.451","1.012","-2.36","-3.023","violet"
"1.427","-11.288","4.52","-1.742","0.236","1.293","violet"
"0.717","28.108","9.469","-1.016","-4.035","-2.99","coral"
"-1.786","20.879","3.655","2.333","1.502","-3.405","coral"
"1.688","24.618","7.949","4.575","-2.308","-3.496","coral"
"1.812","-8.211","5.281","-4.164","0.726","-2.073","turquoise"
"3.272","-8.299","9.965","0.962","0.981","3.405","violet"
"1.329","-3.973","3.511","0.777","0.098","-4.843","violet"
"1.792","0.932","5.189","-3.353","-0.706","2.099","turquoise"
"4.777","-15.154","9.03","1.208","-1.917","-3.148","violet"
"0.988","18.24","2.515","4.181","4.041","2.505","coral"
"2.525","4.803","8.955","0.614","0.943","-1.175","violet"
"3.571","7.215","4.236","1.638","0.917","-1.516","violet"
"-2.798","28.461","4.924","-3.779","0.211","-3.897","coral"
"3.842","23.867","1.356","-3.736","0.925","1.592","coral"
"1.138","-13.162","7.983","0.68","-0.27","-1.254","violet"
"2.576","5.74","3.775","1.568","0.954","3.536","violet"
"3.645","1.544","3.716","-1.7","-2.893","-1.173","violet"
"1.669","-10.341","4.773","4.571","-2.493","0.326","violet"
"-4.424","24.531","6.809","-1.687","2.353","-3.077","coral"
"1.026","-15.738","3.764","-2.785","-0.679","0.68","violet"
"4.301","21.852","0.482","-2.908","2.219","2.338","coral"
"1.054","-14.506","4.183","-4.302","-1.461","-3.058","violet"
"-3.166","18.869","4.256","-3.06","-0.279","-0.784","coral"
"3.259","-10.513","0.361","-4.606","0.651","1.334","turquoise"
"4.9","5.095","7.696","3.865","-1.625","0.738","violet"
"1.251","-18.421","9.498","1.515","-0.03","0.616","violet"
"1.451","4.848","8.243","4.863","0.265","-0.12","violet"
"4.997","-2.727","2.575","4.247","-1.112","3.023","violet"
"4.957","-3.711","7.825","3.158","-1.414","3.991","violet"
"4.615","-12.252","4.174","-4.618","-2.18","0.144","violet"
"1.784","-14.866","2.005","-0.784","-0.698","4.868","turquoise"
"-3.906","24.347","6.757","-0.48","0.109","-3.356","coral"
"4.72","-15.641","1.748","3.328","0.021","-0.215","violet"
"2.088","-4.695","7.704","-0.648","0.911","-2.758","turquoise"
"-0.45","28.298","8.153","-1.753","-1.283","-0.835","coral"
"2.346","-19.445","7.064","-0.624","-0.988","1.727","turquoise"
"3.49","-12.192","3.703","-0.47","0.139","-2.256","turquoise"
"3.2","8.966","0.919","2.758","-2.557","-3.689","coral"
"3.759","5.395","8.593","-1.226","-2.851","3.096","violet"
"4.719","23.623","2.936","-1.597","0.066","-4.497","coral"
"4.998","-3.182","0.294","4.809","-1.08","2.881","violet"
"4.673","-8.107","7.482","2.009","-2.095","-0.705","violet"
"-0.63","26.825","9.127","0.368","-2.912","1.545","coral"
"1.025","-5.21","1.667","-0.982","-1.313","4.089","violet"
"1.92","15.295","9.339","-0.415","-0.815","-3.255","turquoise"
"2.854","24.28","6.42","4.259","-1.608","-3.1","coral"
"3.192","-16.565","0.337","-4.001","-0.722","3.118","turquoise"
"1.69","-5.311","2.452","-4.509","0.511","1.437","violet"
"-4.886","23.98","2.329","3.379","0.635","-2.18","coral"
"-2.073","23.813","4.036","-1.259","-3.379","1.367","coral"
"3.673","23.925","4.608","0.981","1.728","0.324","coral"
"2.504","-16.385","1.023","-2.527","-1","3.913","turquoise"
"-3.72","21.853","2.052","-4.253","-0.58","-0.223","coral"
"4.868","5.163","0.259","1.704","-2.136","0.367","coral"
"-0.541","28.443","8.176","-1.626","-4.885","-2.45","coral"
"2.693","-11.869","6.291","3.648","0.981","4.609","turquoise"
"1.627","-6.657","9.416","-2.838","0.489","2.665","turquoise"
"1.917","-14.57","1.986","-4.873","-2.681","2.038","violet"
"-2.847","27.511","5.288","-1.579","-4.1","3.131","coral"
"3.415","-7.185","8.094","-4.702","-2.957","0.329","violet"
"3.931","-5.135","7.788","0.53","0.77","3.92","violet"
"3.459","-12.43","2.634","2.266","0.285","4.95","turquoise"
"4.022","-16.247","8.621","3.774","0.719","-3.853","violet"
"0.42","25.057","4.244","0.519","-2.923","1.601","coral"
"-0.68","18.131","4.003","-2.95","2.736","1.497","coral"
"3.259","-12.47","9.942","-3.806","0.983","-4.368","violet"
"2.196","-5.933","0.576","-1.083","-2.831","1.431","violet"
"1.621","13.108","1.18","-4.042","-1.263","3.004","coral"
"4.615","-14.363","0.4","3.393","-2.18","-4.461","violet"
"2.54","5.908","6.714","-4.583","0.999","-2.93","turquoise"
"3.395","-6.639","7.205","-1.537","-0.446","3.722","turquoise"
"2.143","28.916","9.592","-4.475","-3.8","3.586","coral"
"2.651","-16.522","0.757","3.216","0.969","3.609","violet"
"2.901","-14.024","2.291","2.066","0.916","4.868","turquoise"
"1.683","-11.026","8.563","1.251","-2.505","4.418","violet"
"1.692","-19.912","0.521","2.868","0.59","1.097","turquoise"
"2.009","12.676","9.191","-2.516","-0.871","-1.93","turquoise"
"2.208","-14.878","4.405","-2.448","0.837","3.772","violet"
"1.001","-8.783","7.588","-2.34","-0.936","2.787","violet"
"1.126","-19.059","7.63","-2.733","-1.698","-3.684","violet"
"1.45","13.999","0.128","0.566","-2.359","-0.716","coral"
"1.874","-5.486","8.915","3.652","0.653","4.436","violet"
"1.615","19.777","5.894","-2.528","1.253","-0.754","coral"
"1.767","27.402","0.319","-1.163","-2.514","-4.359","coral"
"-0.072","28.347","0.897","0.564","-3.855","-4.996","coral"
"3.079","-0.662","0.355","-1.756","0.998","4.806","violet"
"3.419","1.435","8.533","3.098","0.395","-0.519","turquoise"
"0.281","22.812","6.611","3.541","-2.786","1.465","coral"
"1.512","-1.978","7.323","-4.585","0.157","1.979","turquoise"
"-4.475","19.773","4.377","0.684","1.082","-1.416","coral"
"2.435","-16.297","5.798","-0.329","-0.998","4.53","turquoise"
"3.727","14.4","4.084","-2.585","0.028","3.602","coral"
"1.306","-9.015","4.561","-0.042","-2.063","0.289","violet"
"4.987","-10.73","1.669","1.299","-1.227","2.673","violet"
"2.917","-11.576","0.157","-3.571","-0.909","2.144","turquoise"
"3.37","-14.821","9.947","-2.965","0.493","0.356","turquoise"
"3.247","5.704","4.399","1.58","0.664","0.254","turquoise"
"4.994","9.35","4.75","4.394","-1.155","-3.671","violet"
"1.066","22.119","5.784","-0.426","2.714","1.861","coral"
"4.565","-14.424","4.036","-1.217","0.246","-3.389","violet"
"-0.075","18.575","3.808","-1.024","-2.485","-3.194","coral"
"3.784","-11.78","6.914","-0.523","0.84","-3.002","violet"
"1.488","-13.889","0.083","1.451","-2.31","-1.434","violet"
"0.19","22.922","5.138","-2.83","4.215","4.778","coral"
"1.476","20.962","3.864","2.9","-0.847","3.56","coral"
"3.314","7.137","5.843","-1.483","-0.58","0.983","turquoise"
"4.354","-12.068","9.585","1.147","-2.472","1.79","violet"
"1.823","20.742","4.98","-2.266","-1.964","3.766","coral"
"-3.646","25.399","2.747","0.09","2.245","2.573","coral"
"1.105","-2.207","9.019","-2.197","-0.359","4.471","violet"
"4.371","1.731","3.382","4.433","0.456","-3.269","violet"
"-1.865","19.539","1.765","0.748","0.675","3.239","coral"
"1.011","-19.929","6.635","3.884","-0.79","4.302","violet"
"-1.827","18.261","5.464","2.571","-4.378","0.578","coral"
"-0.251","29.272","4.087","-3.109","1.045","-1.26","coral"
"3.406","-13.199","5.067","1.886","0.958","-3.226","violet"
"3.264","16.515","9.716","1.582","-2.982","-2.539","violet"
"4.603","-0.024","8.44","3.681","0.196","-3.431","violet"
"3.649","7.529","7.643","-4.475","-2.892","-1.712","violet"
"3.495","-14.421","2.9","3.958","0.103","-2.085","turquoise"
"2.553","3.069","3.954","3.685","0.999","4.947","turquoise"
"0.315","23.175","5.312","-3.76","3.441","-2.983","coral"
"-1.669","23.685","5.781","-3.59","-1.189","3.995","coral"
"0.128","29.41","8.803","-0.89","1.839","0.699","coral"
"2.01","-6.808","0.679","-3.938","-0.872","-0.357","turquoise"
"4.274","-2.005","7.614","4.39","-2.542","-3.102","violet"
"1.011","7.834","4.806","-4.129","-0.792","0.137","violet"
"2.02","3.452","5.265","2.111","0.877","-0.484","turquoise"
"1.817","7.397","9.827","-1.429","-2.612","4.15","violet"
"1.905","5.651","3.96","-2.883","-0.803","-3.184","turquoise"
"3.478","2.776","3.551","-2.199","0.207","-3.127","turquoise"
"1.603","-3.915","5.45","-4.904","-0.443","-0.004","turquoise"
"2.025","-3.223","3.55","-4.344","0.746","3.954","violet"
"3.159","28.737","8.574","-4.953","1.128","4.116","coral"
"1.059","-6.538","5.035","3.728","-1.484","-4.006","violet"
"2.952","-12.739","4.6","-2.349","-2.999","2.146","violet"
"1.949","-12.416","6.951","-1.069","0.701","-0.651","violet"
"1.006","28.791","4.486","-4.831","0.134","3.7","coral"
"4.808","-2.866","1.361","4.016","-0.145","0.392","violet"
"1.756","11.125","7.53","0.991","-2.566","4.289","violet"
"1.638","-19.75","8.314","0.459","-2.465","-2.642","violet"
"2.537","7.398","4.784","2.664","-2.946","3.651","violet"
"3.61","0.499","8.22","-3.935","-2.905","-0.738","violet"
"2.054","-16.378","1.817","1.24","-0.895","0.83","turquoise"
"4.085","3.135","3.52","-2.253","-2.68","1.129","violet"
